[{"created_at":"Sun Feb 15 16:18:36 +0000 2015","id":566994997405184000,"id_str":"566994997405184000","text":"Only 312 days remaining until Christmas...!","source":"\u003ca href=\"https:\/\/about.twitter.com\/products\/tweetdeck\" rel=\"nofollow\"\u003eTweetDeck\u003c\/a\u003e","truncated":false,"in_reply_to_status_id":null,"in_reply_to_status_id_str":null,"in_reply_to_user_id":null,"in_reply_to_user_id_str":null,"in_reply_to_screen_name":null,"user":{"id":1469371,"id_str":"1469371","name":"Christmas","screen_name":"christmas","location":"","profile_location":null,"description":"Christmas news from http:\/\/t.co\/5APiFGnOCR","url":"http:\/\/t.co\/i02OpTF2vs","entities":{"url":{"urls":[{"url":"http:\/\/t.co\/i02OpTF2vs","expanded_url":"http:\/\/www.shoppingblog.com","display_url":"shoppingblog.com","indices":[0,22]}]},"description":{"urls":[{"url":"http:\/\/t.co\/5APiFGnOCR","expanded_url":"http:\/\/ShoppingBlog.com","display_url":"ShoppingBlog.com","indices":[20,42]}]}},"protected":false,"followers_count":21035,"friends_count":98,"listed_count":134,"created_at":"Mon Mar 19 04:03:29 +0000 2007","favourites_count":0,"utc_offset":-18000,"time_zone":"Central Time (US & Canada)","geo_enabled":false,"verified":false,"statuses_count":436,"lang":"en","contributors_enabled":false,"is_translator":false,"is_translation_enabled":false,"profile_background_color":"000000","profile_background_image_url":"http:\/\/pbs.twimg.com\/profile_background_images\/1242142\/candle.gif","profile_background_image_url_https":"https:\/\/pbs.twimg.com\/profile_background_images\/1242142\/candle.gif","profile_background_tile":false,"profile_image_url":"http:\/\/pbs.twimg.com\/profile_images\/1195279190\/xmas_200_200_normal.jpg","profile_image_url_https":"https:\/\/pbs.twimg.com\/profile_images\/1195279190\/xmas_200_200_normal.jpg","profile_link_color":"009933","profile_sidebar_border_color":"87BC44","profile_sidebar_fill_color":"87BC44","profile_text_color":"000000","profile_use_background_image":false,"default_profile":false,"default_profile_image":false,"following":false,"follow_request_sent":false,"notifications":false},"geo":null,"coordinates":null,"place":null,"contributors":null,"retweet_count":10,"favorite_count":8,"entities":{"hashtags":[],"symbols":[],"user_mentions":[],"urls":[]},"favorited":false,"retweeted":false,"lang":"en"},{"created_at":"Mon Dec 29 22:44:35 +0000 2014","id":549697514941591552,"id_str":"549697514941591552","text":"Sea otters eat frozen Christmas treats at Monterey Bay Aquarium http:\/\/t.co\/W0a0tj4AaM (via @videonacho)","source":"\u003ca href=\"https:\/\/about.twitter.com\/products\/tweetdeck\" rel=\"nofollow\"\u003eTweetDeck\u003c\/a\u003e","truncated":false,"in_reply_to_status_id":null,"in_reply_to_status_id_str":null,"in_reply_to_user_id":null,"in_reply_to_user_id_str":null,"in_reply_to_screen_name":null,"user":{"id":1469371,"id_str":"1469371","name":"Christmas","screen_name":"christmas","location":"","profile_location":null,"description":"Christmas news from http:\/\/t.co\/5APiFGnOCR","url":"http:\/\/t.co\/i02OpTF2vs","entities":{"url":{"urls":[{"url":"http:\/\/t.co\/i02OpTF2vs","expanded_url":"http:\/\/www.shoppingblog.com","display_url":"shoppingblog.com","indices":[0,22]}]},"description":{"urls":[{"url":"http:\/\/t.co\/5APiFGnOCR","expanded_url":"http:\/\/ShoppingBlog.com","display_url":"ShoppingBlog.com","indices":[20,42]}]}},"protected":false,"followers_count":21035,"friends_count":98,"listed_count":134,"created_at":"Mon Mar 19 04:03:29 +0000 2007","favourites_count":0,"utc_offset":-18000,"time_zone":"Central Time (US & Canada)","geo_enabled":false,"verified":false,"statuses_count":436,"lang":"en","contributors_enabled":false,"is_translator":false,"is_translation_enabled":false,"profile_background_color":"000000","profile_background_image_url":"http:\/\/pbs.twimg.com\/profile_background_images\/1242142\/candle.gif","profile_background_image_url_https":"https:\/\/pbs.twimg.com\/profile_background_images\/1242142\/candle.gif","profile_background_tile":false,"profile_image_url":"http:\/\/pbs.twimg.com\/profile_images\/1195279190\/xmas_200_200_normal.jpg","profile_image_url_https":"https:\/\/pbs.twimg.com\/profile_images\/1195279190\/xmas_200_200_normal.jpg","profile_link_color":"009933","profile_sidebar_border_color":"87BC44","profile_sidebar_fill_color":"87BC44","profile_text_color":"000000","profile_use_background_image":false,"default_profile":false,"default_profile_image":false,"following":false,"follow_request_sent":false,"notifications":false},"geo":null,"coordinates":null,"place":null,"contributors":null,"retweet_count":1,"favorite_count":2,"entities":{"hashtags":[],"symbols":[],"user_mentions":[{"screen_name":"videonacho","name":"Video Nacho","id":1045301,"id_str":"1045301","indices":[92,103]}],"urls":[{"url":"http:\/\/t.co\/W0a0tj4AaM","expanded_url":"http:\/\/bit.ly\/1B0jWWq","display_url":"bit.ly\/1B0jWWq","indices":[64,86]}]},"favorited":false,"retweeted":false,"possibly_sensitive":false,"lang":"en"},{"created_at":"Sat Dec 20 14:57:51 +0000 2014","id":546318566727774208,"id_str":"546318566727774208","text":"Katherine Jenkins releases Silent Night music video http:\/\/t.co\/UrT4LGD7TH","source":"\u003ca href=\"https:\/\/about.twitter.com\/products\/tweetdeck\" rel=\"nofollow\"\u003eTweetDeck\u003c\/a\u003e","truncated":false,"in_reply_to_status_id":null,"in_reply_to_status_id_str":null,"in_reply_to_user_id":null,"in_reply_to_user_id_str":null,"in_reply_to_screen_name":null,"user":{"id":1469371,"id_str":"1469371","name":"Christmas","screen_name":"christmas","location":"","profile_location":null,"description":"Christmas news from http:\/\/t.co\/5APiFGnOCR","url":"http:\/\/t.co\/i02OpTF2vs","entities":{"url":{"urls":[{"url":"http:\/\/t.co\/i02OpTF2vs","expanded_url":"http:\/\/www.shoppingblog.com","display_url":"shoppingblog.com","indices":[0,22]}]},"description":{"urls":[{"url":"http:\/\/t.co\/5APiFGnOCR","expanded_url":"http:\/\/ShoppingBlog.com","display_url":"ShoppingBlog.com","indices":[20,42]}]}},"protected":false,"followers_count":21035,"friends_count":98,"listed_count":134,"created_at":"Mon Mar 19 04:03:29 +0000 2007","favourites_count":0,"utc_offset":-18000,"time_zone":"Central Time (US & Canada)","geo_enabled":false,"verified":false,"statuses_count":436,"lang":"en","contributors_enabled":false,"is_translator":false,"is_translation_enabled":false,"profile_background_color":"000000","profile_background_image_url":"http:\/\/pbs.twimg.com\/profile_background_images\/1242142\/candle.gif","profile_background_image_url_https":"https:\/\/pbs.twimg.com\/profile_background_images\/1242142\/candle.gif","profile_background_tile":false,"profile_image_url":"http:\/\/pbs.twimg.com\/profile_images\/1195279190\/xmas_200_200_normal.jpg","profile_image_url_https":"https:\/\/pbs.twimg.com\/profile_images\/1195279190\/xmas_200_200_normal.jpg","profile_link_color":"009933","profile_sidebar_border_color":"87BC44","profile_sidebar_fill_color":"87BC44","profile_text_color":"000000","profile_use_background_image":false,"default_profile":false,"default_profile_image":false,"following":false,"follow_request_sent":false,"notifications":false},"geo":null,"coordinates":null,"place":null,"contributors":null,"retweet_count":2,"favorite_count":2,"entities":{"hashtags":[],"symbols":[],"user_mentions":[],"urls":[{"url":"http:\/\/t.co\/UrT4LGD7TH","expanded_url":"http:\/\/bit.ly\/1zIb6Lj","display_url":"bit.ly\/1zIb6Lj","indices":[52,74]}]},"favorited":false,"retweeted":false,"possibly_sensitive":false,"lang":"en"}]